DIST,t_min_promedio_ponderado,poblacion_total,n_puntos
ORONCCOY,272.8746179851251,986.0,11.0
LARAMATE,270.1995455822447,2373.0,46.0
PUCACOLPA,267.76996242861435,2218.0,20.0
HUAC-HUAS,266.58182158768733,1646.0,41.0
OCAÑA,251.14032704126424,2278.0,47.0
LLAUTA,249.9231094527363,871.0,23.0
OTOCA,210.76591628167438,2381.0,42.0
CORCULLA,205.51935606060607,484.0,6.0
SAN JOSE DE USHUA,193.91684761904762,175.0,3.0
SAN PEDRO DE PALCO,193.68985168869307,1135.0,75.0
CAÑARIS,178.7390550859013,3667.0,20.0
OYOLO,175.3796974564926,1245.0,22.0
BELEN,172.44500000000002,272.0,1.0
CHALCOS,168.07361894432395,461.0,5.0
VILCANCHOS,167.03544592650712,2549.0,48.0
CHIPURANA,165.46738095238092,0.0,7.0
PAICO,165.03316666666666,540.0,5.0
HUIMBAYOC,164.84066666666666,0.0,5.0
ASQUIPATA,163.81087914485167,764.0,5.0
SAN SALVADOR DE QUIJE,162.073465085639,759.0,12.0
SANTIAGO DE PAUCARAY,158.6625007582651,1099.0,9.0
CORONEL CASTAÑEDA,157.8371042679633,1851.0,18.0
CHILCAYOC,156.56545977011496,464.0,4.0
SORAS,156.35010784313727,1020.0,13.0
PAPAPLAYA,155.43583333333333,0.0,2.0
PARAS,149.79953585100117,4528.0,86.0
SANCOS,149.6394418649642,8615.0,107.0
SAN PEDRO DE LARCAY,146.1322711442786,1340.0,10.0
TOTOS,144.12499680868044,4178.0,25.0
EL PORVENIR,142.91883333333334,0.0,10.0
SANTA LUCIA,142.73982220835933,1603.0,19.0
COLTA,141.3125450980392,425.0,6.0
INCAHUASI,138.9212075526932,6832.0,37.0
LEONCIO PRADO,137.51032541450138,1347.0,33.0
APONGO,131.12826953748004,627.0,9.0
CARHUANCA,125.2925156301415,1013.0,8.0
OCROS,124.51193719806766,6210.0,33.0
AYAHUANCO,123.79411541889486,1496.0,15.0
BARRANQUITA,123.66746376811591,0.0,23.0
SACSAMARCA,122.40761464497041,1352.0,45.0
CHUNGUI,122.37223556317896,2332.0,15.0
MORCOLLA,120.52274412171508,1205.0,16.0
QUEROBAMBA,119.52198604992657,2724.0,21.0
SAURAMA,117.27178194044188,347.0,3.0
PULLO,116.3805131863381,7710.0,51.0
MARCABAMBA,114.78172590199244,619.0,6.0
SAN JAVIER DE ALPABAMBA,114.08160422670508,347.0,5.0
SANTIAGO DE LUCANAMARCA,111.12965223439402,1917.0,40.0
SAISA,110.2523937360179,1341.0,23.0
HUAMBALPA,108.14570499657769,974.0,11.0
SAN FRANCISCO DE RAVACAYCO,108.10975289169296,634.0,15.0
TRES UNIDOS,107.39027777777778,0.0,6.0
SARHUA,107.1142094768942,2842.0,18.0
CONCEPCION,105.20437090985857,1579.0,19.0
INDEPENDENCIA,103.75354166666666,1536.0,10.0
LAMPA,102.25821606786427,2004.0,11.0
CARAPO,100.98006540697673,2752.0,39.0
SAN MARTIN,98.4685,0.0,20.0
CHIPAO,97.622765274652,3999.0,38.0
HUACAÑA,97.41723018147087,349.0,9.0
CAYNARACHI,96.83500000000001,0.0,13.0
AUCARA,95.74445460704607,3444.0,46.0
HUAMANQUIQUIA,94.53017592592592,1620.0,15.0
PAUSA,92.32849449537443,7963.0,9.0
PACAPAUSA,92.07077635327636,468.0,10.0
CHUSCHI,85.99933030264764,15838.0,27.0
ALTO BIAVO,83.83659420289855,0.0,23.0
UPAHUACHO,83.56051182033097,1410.0,39.0
ACCOMARCA,82.628373058866,923.0,7.0
PARARCA,82.21326422764227,410.0,3.0
OLMOS,80.7443718590698,36945.0,68.0
ANCO,80.62484973617804,5812.0,28.0
ALTO SAPOSOA,79.55313725490196,0.0,17.0
SALAS,79.0570464453387,9940.0,46.0
CANARIA,78.58261468197999,4963.0,34.0
BAJO BIAVO,77.92907407407408,0.0,18.0
SANTA ANA DE HUAYCAHUACHO,77.15369363674674,791.0,3.0
OYOTUN,76.57806471502869,24868.0,16.0
SAN CRISTOBAL,74.3553325831458,3999.0,25.0
VILCAS HUAMAN,73.84445305770888,10062.0,29.0
SHAMBOYACU,73.78226190476191,0.0,14.0
SANTILLANA,71.61769364211987,3843.0,24.0
VINCHOS,70.86421068730715,12532.0,74.0
SARA SARA,70.12882067660279,1409.0,4.0
PILLUANA,69.34666666666666,0.0,4.0
NUEVA ARICA,68.67834086345381,3984.0,3.0
SHATOJA,68.53866666666666,0.0,10.0
CABANA,68.06821256038647,2415.0,17.0
ANCHIHUAY,67.65940341104465,4847.0,15.0
LUIS CARRANZA,67.54604938271603,1134.0,14.0
PARDO MIGUEL,63.375666666666675,0.0,15.0
ACOCRO,62.47888653407238,6134.0,27.0
BUENOS AIRES,61.71011904761906,0.0,14.0
SAN JOSE DE SISA,60.338240740740744,0.0,18.0
CHOCHOPE,59.929271573057875,1549.0,6.0
SAPOSOA,59.90231884057972,0.0,23.0
CHAZUTA,59.72044444444444,0.0,15.0
SAUCE,59.29895833333333,0.0,8.0
UCHURACCAY,58.98342045966651,2219.0,21.0
CANAYRE,58.63161507191995,4264.0,6.0
CAMPANILLA,58.118916666666664,0.0,20.0
ALONSO DE ALVARADO,57.63904761904762,0.0,14.0
CHILCAS,56.178997576558714,1513.0,13.0
AWAJUN,54.80595238095238,0.0,7.0
ALCAMENCA,54.26372335750384,1517.0,10.0
TINGO DE PONASA,54.15091954022987,0.0,29.0
JEPELACIO,52.90058333333333,0.0,20.0
AGUA BLANCA,52.748000000000005,0.0,20.0
MOTUPE,52.34315106580166,104663.0,26.0
VISCHONGO,52.27280412823892,4554.0,20.0
CARMEN SALCEDO,52.00154313839026,1727.0,15.0
SANTIAGO DE PISCHA,51.10479883119802,1483.0,13.0
PUYUSCA,50.47013784461153,2261.0,20.0
ACOS VINCHOS,50.0133063084866,4132.0,15.0
SAN PEDRO,49.91744101330125,4987.0,29.0
PITIPO,48.04312328960361,23630.0,26.0
CHONGOYAPE,47.43066129692618,21168.0,18.0
ALBERTO LEVEAU,47.13499999999999,0.0,4.0
SORITOR,47.07611111111111,0.0,18.0
CHACA,46.84426906112162,1587.0,9.0
SAN FERNANDO,46.209999999999994,0.0,2.0
CAYALTI,46.02926328415063,27652.0,9.0
HUALLA,45.12529094321914,2131.0,21.0
NUEVO PROGRESO,44.86797619047619,0.0,14.0
UCHIZA,44.82420289855072,0.0,23.0
CHIARA,44.27787776606955,4745.0,24.0
SHUNTE,43.96933333333333,0.0,5.0
SAN JOSE DE TICLLAS,42.41478124016368,1059.0,11.0
POLVORA,42.365705128205136,0.0,26.0
SAMUGARI,40.888371805195185,11177.0,15.0
PISCOYACU,40.84759259259259,0.0,9.0
MOYOBAMBA,40.206153846153846,0.0,39.0
PACHIZA,39.947037037037035,0.0,18.0
MARIA PARADO DE BELLIDO,39.69188915534239,3753.0,20.0
PUCACACA,39.62866666666666,0.0,10.0
SHAPAJA,39.44444444444444,0.0,9.0
HUICUNGO,39.095606060606066,0.0,11.0
HUALLAGA,37.5587037037037,0.0,27.0
CUÑUMBUQUI,37.16791666666666,0.0,8.0
SOCOS,36.47028157870241,3581.0,16.0
SAÑA,35.083755965255605,9709.0,10.0
NUEVA CAJAMARCA,34.43355555555556,0.0,15.0
LAGUNAS,34.366290867628464,28211.0,13.0
QUINUA,33.87683911145352,12980.0,19.0
PINTO RECODO,33.02680555555556,0.0,12.0
CAYARA,32.91229274611399,1158.0,9.0
ZAPATERO,32.64183333333334,0.0,10.0
TABALOSOS,32.196999999999996,0.0,15.0
EL ESLABON,31.991875,0.0,16.0
JAYANCA,31.5902488379548,24956.0,22.0
SAN PABLO,31.094354838709677,0.0,31.0
PUCALA,30.251298292902067,14840.0,10.0
LUCANAS,29.639313313560713,4046.0,106.0
PICOTA,29.61304347826087,0.0,23.0
HUANCARAYLLA,29.25600745676662,2101.0,14.0
YURACYACU,28.858333333333334,0.0,2.0
LOS MOROCHUCOS,28.725421127009362,9435.0,40.0
LLOCHEGUA,28.72138835160112,12408.0,14.0
MANUEL ANTONIO MESONES MURO,28.500450436408975,3208.0,15.0
MORROPE,27.28908589137574,35118.0,27.0
PAJARILLO,26.927368421052627,0.0,19.0
SAN ROQUE DE CUMBAZA,26.569166666666668,0.0,2.0
PACORA,26.369308363970593,6528.0,12.0
HUAMANGUILLA,26.172939847836428,2804.0,11.0
COLCA,24.98255703422053,1052.0,12.0
ELIAS SOPLIN VARGAS,24.609666666666666,0.0,5.0
SAN HILARION,24.352575757575757,0.0,11.0
FERREÑAFE,23.292266064760632,382784.0,15.0
YORONGOS,23.272916666666667,0.0,4.0
PUEBLO NUEVO,22.874555988500973,96240.0,9.0
SACANCHE,22.19927083333333,0.0,16.0
SAN JUAN,22.019539993134227,2913.0,10.0
PATAPO,21.821824722322983,57891.0,12.0
ILLIMO,21.711889491934272,11055.0,7.0
CHUMPI,21.44915147913365,2524.0,24.0
SIVIA,21.019202047576034,8856.0,36.0
TAMBILLO,20.542731939860655,3636.0,15.0
TUCUME,20.120952776764117,24663.0,15.0
CASPISAPA,19.936666666666667,0.0,3.0
TOCACHE,19.534416666666665,0.0,20.0
SANTA ROSA,19.12877636009215,41382.0,37.0
PACAYCASA,18.806523178807947,2567.0,4.0
JUAN GUERRA,17.900555555555556,0.0,6.0
TAMBO,17.864666393320412,13414.0,24.0
MOCHUMI,17.27744236039318,20313.0,18.0
RUMISAPA,17.259166666666665,0.0,8.0
TUMAN,17.04123363723671,50674.0,9.0
HUANCAPI,16.974594594594596,1887.0,32.0
SAN ANTONIO,16.92,0.0,2.0
CHAVIÑA,16.916663443830576,3620.0,36.0
ETEN PUERTO,16.663333333333334,2342.0,1.0
SHANAO,15.768611111111113,0.0,6.0
SAN RAFAEL,14.430362318840581,0.0,23.0
ETEN,14.277077324443802,13799.0,4.0
LAMAS,13.836000000000002,0.0,10.0
IGUAIN,13.252924221292423,2151.0,9.0
REQUE,13.144873591365668,14701.0,8.0
PICSI,12.96411396589287,22185.0,5.0
CALZADA,12.680555555555557,0.0,3.0
SAN JOSE,12.632506525410717,15197.0,6.0
CANGALLO,12.511192383495455,5243.0,23.0
YANTALO,12.46375,0.0,4.0
JUANJUI,12.219444444444445,0.0,27.0
POSIC,12.030666666666667,0.0,5.0
RIOJA,11.466041666666667,0.0,8.0
MONSEFU,10.875328420691849,122541.0,16.0
BELLAVISTA,10.521372549019608,0.0,17.0
TINGO DE SAPOSOA,10.457619047619048,0.0,7.0
LURICOCHA,9.232705565338028,6247.0,21.0
POMALCA,8.801776286923415,23551.0,6.0
CACATACHI,8.231296296296298,0.0,18.0
MORALES,7.748500000000002,0.0,10.0
PIMENTEL,7.070325265409013,156959.0,19.0
TARAPOTO,6.839444444444445,0.0,6.0
LA BANDA DE SHILCAYO,6.8331481481481475,0.0,9.0
SAN MIGUEL,6.117420114362596,12883.0,32.0
CORACORA,6.008664070227498,24264.0,109.0
CARMEN ALTO,5.41667735745614,97280.0,5.0
ANDRES AVELINO CACERES DORREGARAY,4.162691682083835,117834.0,7.0
AYACUCHO,4.155784107499321,1140001.0,21.0
AYNA,4.041384620726774,19199.0,16.0
SAN JUAN BAUTISTA,3.905626878228811,344296.0,9.0
JOSE LEONARDO ORTIZ,3.084567595859426,1678769.0,11.0
JESUS NAZARENO,2.5224999999999995,140720.0,8.0
CHICLAYO,1.9596396834374683,3857816.0,23.0
HUANTA,1.9522082763100477,134448.0,27.0
LAMBAYEQUE,1.9077309028304115,362833.0,28.0
PUQUIO,1.8981524325264783,76635.0,63.0
LA VICTORIA,1.4445890799289884,259864.0,11.0
